{
    "$schema": "https://schema.management.azure.com/schemas/2015-01-01/deploymentParameters.json#",
    "contentVersion": "1.0.0.0",
    "parameters": {
        "resourceName": {
            "value": "team2AKSCluster"
        },
        "location": {
            "value": "uksouth"
        },
        "dnsPrefix": {
            "value": "team2akscluster"
        },
        "agentCount": {
            "value": 8
        },
        "agentVMSize": {
            "value": "Standard_DS2_v2"
        },
        "servicePrincipalClientId": {
            "value": null
        },
        "servicePrincipalClientSecret": {
            "value": null
        },
        "kubernetesVersion": {
            "value": "1.11.5"
        },
        "workspaceName": {
            "value": "team2AKSMonitoring"
        },
        "omsWorkspaceId": {
            "value": "/subscriptions/4f50786d-0c67-4da6-b423-8c3950bc2b3c/resourcegroups/team2-rg/providers/microsoft.operationalinsights/workspaces/team2aksmonitoring"
        },
        "workspaceRegion": {
            "value": "uksouth"
        },
        "enableHttpApplicationRouting": {
            "value": true
        },
        "networkPlugin": {
            "value": "kubenet"
        },
        "enableRBAC": {
            "value": true
        }
    }
}